,data,concelho,population,densidade_populacional,confirmados_14,confirmados_1,incidencia,incidencia_categoria,people_per_doctor_2012,schools,rendimento,abstencao_2019,beds,elders_per_100young
10,19-01-2021,ABRANTES,35130,49.15,306,22,871.0,"[480,960]",493.8,46,89.2,45.8,0,264.2
21,19-01-2021,ÁGUEDA,46075,137.43,695,50,1508.0,"[960, Max]",409.2,54,86.5,46.7,0,199.3
32,19-01-2021,AGUIAR DA BEIRA,4652,22.5,291,21,6255.0,"[960, Max]",255.2,10,67.4,51.4,0,300.5
43,19-01-2021,ALANDROAL,4992,9.2,95,7,1903.0,"[960, Max]",197.8,8,64.5,45.9,0,294.7
54,19-01-2021,ALBERGARIA-A-VELHA,24144,152.02,246,18,1019.0,"[960, Max]",396.8,47,84.5,46.3,0,166.3
65,19-01-2021,ALBUFEIRA,41528,295.24,605,43,1457.0,"[960, Max]",338.4,48,112,59.3,0,100.4
76,19-01-2021,ALCÁCER DO SAL,11659,7.77,382,27,3276.0,"[960, Max]",213.8,18,81.5,47.7,0,266.4
87,19-01-2021,ALCANENA,12809,100.6,201,14,1569.0,"[960, Max]",341.2,28,86.1,46.5,0,213.7
98,19-01-2021,ALCOBAÇA,53555,131.22,741,53,1384.0,"[960, Max]",604.9,77,86.7,43.7,0,199.9
109,19-01-2021,ALCOCHETE,19787,154.15,217,16,1097.0,"[960, Max]",440.1,22,118.8,40.2,0,100.4
120,19-01-2021,ALCOUTIM,2159,3.75,13,1,602.0,"[480,960]",138.5,6,67.5,43.7,0,650.8
131,19-01-2021,ALENQUER,44052,144.8,455,33,1033.0,"[960, Max]",635.9,49,89.2,44.5,0,126.6
142,19-01-2021,ALFÂNDEGA DA FÉ,4550,14.13,105,8,2308.0,"[960, Max]",142.2,8,66,46.2,0,392.3
153,19-01-2021,ALIJÓ,10625,35.7,103,7,969.0,"[960, Max]",202.4,22,63.6,53.6,0,311.0
164,19-01-2021,ALJEZUR,5594,17.29,14,1,250.0,"[240,480]",287.8,8,63.1,48.5,0,240.9
175,19-01-2021,ALJUSTREL,8247,17.99,72,5,873.0,"[480,960]",233.0,16,87.9,46.2,0,231.1
186,19-01-2021,ALMADA,169039,2414.5,2182,156,1291.0,"[960, Max]",492.6,198,108.7,44.8,607,155.1
197,19-01-2021,ALMEIDA,5830,11.26,68,5,1166.0,"[960, Max]",231.7,11,74.2,53.2,0,617.4
208,19-01-2021,ALMEIRIM,22546,101.5,402,29,1783.0,"[960, Max]",228.0,26,86.2,51.6,0,180.6
219,19-01-2021,ALMODÔVAR,6725,8.65,108,8,1606.0,"[960, Max]",229.7,13,79.5,47.5,0,249.5
230,19-01-2021,ALPIARÇA,7059,74.02,48,3,680.0,"[480,960]",401.2,9,77.1,43.0,0,214.7
241,19-01-2021,ALTER DO CHÃO,3165,8.74,134,10,4234.0,"[960, Max]",196.0,8,72.9,42.9,0,254.9
252,19-01-2021,ALVAIÁZERE,6597,41.11,85,6,1288.0,"[960, Max]",342.3,8,66.5,43.9,0,345.0
263,19-01-2021,ALVITO,2477,9.35,41,3,1655.0,"[960, Max]",230.0,7,66.7,48.1,0,197.5
274,19-01-2021,AMADORA,184106,7742.05,2441,174,1326.0,"[960, Max]",543.9,165,100.6,45.0,825,149.7
285,19-01-2021,AMARANTE,53193,176.53,583,42,1096.0,"[960, Max]",410.9,67,71.8,46.5,0,155.5
296,19-01-2021,AMARES,18129,221.22,204,15,1125.0,"[960, Max]",129.4,17,70.9,42.8,0,151.0
307,19-01-2021,ANADIA,27258,125.83,401,29,1471.0,"[960, Max]",309.8,44,78.7,48.3,0,259.2
318,19-01-2021,ANGRA DO HEROÍSMO,33807,141.45,25,2,74.0,"[0,240]",227.4,57,94.7,58.3,0,122.9
329,19-01-2021,ANSIÃO,12039,68.37,259,18,2151.0,"[960, Max]",392.9,22,73.5,42.6,0,277.7
340,19-01-2021,ARCOS DE VALDEVEZ,20926,46.75,471,34,2251.0,"[960, Max]",275.2,22,67.8,56.3,0,337.6
351,19-01-2021,ARGANIL,11014,33.09,176,13,1598.0,"[960, Max]",165.8,19,68.2,43.6,0,278.7
362,19-01-2021,ARMAMAR,5769,49.21,119,9,2063.0,"[960, Max]",295.4,6,63.3,51.1,0,296.8
373,19-01-2021,AROUCA,20720,62.96,291,21,1404.0,"[960, Max]",351.1,31,70.8,42.7,0,166.0
384,19-01-2021,ARRAIOLOS,6928,10.13,146,10,2107.0,"[960, Max]",253.7,13,73.3,38.5,0,257.9
395,19-01-2021,ARRONCHES,2820,8.96,55,4,1950.0,"[960, Max]",195.6,7,72,44.4,0,343.4
406,19-01-2021,ARRUDA DOS VINHOS,15412,197.69,259,19,1681.0,"[960, Max]",406.4,14,91,38.5,0,126.7
417,19-01-2021,AVEIRO,78734,398.49,830,59,1054.0,"[960, Max]",358.9,118,123.1,45.2,433,143.4
428,19-01-2021,AVIS,4247,7.01,31,2,730.0,"[480,960]",239.5,10,74.1,37.0,0,312.8
439,19-01-2021,AZAMBUJA,22716,86.48,230,16,1013.0,"[960, Max]",452.9,29,106.2,45.6,0,169.7
450,19-01-2021,BAIÃO,18748,107.42,184,13,981.0,"[960, Max]",285.3,28,58.2,53.1,0,188.0
461,19-01-2021,BARCELOS,116187,306.64,1888,135,1625.0,"[960, Max]",419.2,185,78.9,36.9,117,140.6
472,19-01-2021,BARRANCOS,1634,9.7,25,2,1530.0,"[960, Max]",256.4,4,63.4,50.2,0,169.5
483,19-01-2021,BARREIRO,75147,2065.05,914,65,1216.0,"[960, Max]",343.2,88,100,42.9,413,189.8
494,19-01-2021,BATALHA,15963,154.35,188,13,1178.0,"[960, Max]",439.5,27,84.8,40.8,0,156.4
505,19-01-2021,BEJA,33579,29.29,564,40,1680.0,"[960, Max]",257.0,52,105.3,46.5,233,148.6
516,19-01-2021,BELMONTE,6398,53.87,65,5,1016.0,"[960, Max]",307.5,12,71.3,52.0,0,267.6
527,19-01-2021,BENAVENTE,30602,58.69,503,36,1644.0,"[960, Max]",546.8,32,94.4,51.1,0,115.7
538,19-01-2021,BOMBARRAL,12558,137.56,92,7,733.0,"[480,960]",466.3,10,83.5,46.1,0,204.5
549,19-01-2021,BORBA,6736,46.39,246,18,3652.0,"[960, Max]",280.0,8,73.9,44.8,0,256.7
560,19-01-2021,BOTICAS,4998,15.52,112,8,2241.0,"[960, Max]",225.7,6,59,54.9,0,372.8
571,19-01-2021,BRAGA,182679,996.07,2181,156,1194.0,"[960, Max]",373.2,238,107,39.4,704,118.0
582,19-01-2021,BRAGANÇA,33607,28.64,461,33,1372.0,"[960, Max]",247.4,48,96.5,56.8,425,219.4
593,19-01-2021,CABECEIRAS DE BASTO,15628,64.63,173,12,1107.0,"[960, Max]",212.7,24,65.4,48.4,0,152.0
604,19-01-2021,CADAVAL,13673,78.18,81,6,592.0,"[480,960]",393.1,24,70.8,45.5,0,219.8
615,19-01-2021,CALDAS DA RAINHA,51912,203.03,429,31,826.0,"[480,960]",340.7,79,98.1,48.4,352,173.0
626,19-01-2021,CÂMARA DE LOBOS,33675,645.49,330,24,980.0,"[960, Max]",232.5,37,58.3,53.7,0,79.0
637,19-01-2021,CAMINHA,15877,116.3,399,28,2513.0,"[960, Max]",271.8,29,78.9,46.7,0,235.8
648,19-01-2021,CAMPO MAIOR,7874,31.85,146,10,1854.0,"[960, Max]",280.3,7,94,47.6,0,159.1
659,19-01-2021,CANTANHEDE,35011,89.57,473,34,1351.0,"[960, Max]",357.6,58,79.8,52.2,103,237.2
670,19-01-2021,CARRAZEDA DE ANSIÃES,5666,20.29,9,1,159.0,"[0,240]",222.7,6,63,51.9,0,348.5
681,19-01-2021,CARREGAL DO SAL,9271,79.31,134,10,1445.0,"[960, Max]",389.9,10,70.9,52.4,0,234.4
692,19-01-2021,CARTAXO,23843,150.74,169,12,709.0,"[480,960]",350.2,24,86.5,46.2,0,178.1
703,19-01-2021,CASCAIS,213608,2193.1,2326,166,1089.0,"[960, Max]",553.5,268,122.1,44.2,277,129.5
714,19-01-2021,CASTANHEIRA DE PÊRA,2614,39.15,9,1,344.0,"[240,480]",180.8,4,65.6,44.1,0,471.5
725,19-01-2021,CASTELO BRANCO,51987,36.15,677,48,1302.0,"[960, Max]",392.2,70,95.8,45.7,230,213.7
736,19-01-2021,CASTELO DE PAIVA,15454,134.37,127,9,822.0,"[480,960]",413.4,37,65.7,42.6,0,151.3
747,19-01-2021,CASTELO DE VIDE,2919,11.02,43,3,1473.0,"[960, Max]",158.8,6,81.6,38.8,0,315.2
758,19-01-2021,CASTRO DAIRE,13823,36.47,284,20,2055.0,"[960, Max]",418.9,35,64.8,52.1,0,276.9
769,19-01-2021,CASTRO MARIM,6237,20.73,73,5,1170.0,"[960, Max]",314.8,10,71.7,53.1,0,246.8
780,19-01-2021,CASTRO VERDE,6949,12.2,32,2,460.0,"[240,480]",125.7,13,102.1,45.3,0,194.1
791,19-01-2021,CELORICO DA BEIRA,6928,28.02,122,9,1761.0,"[960, Max]",243.9,14,65,53.1,0,310.4
802,19-01-2021,CELORICO DE BASTO,19040,105.15,303,22,1591.0,"[960, Max]",200.2,29,56.1,46.7,0,179.8
813,19-01-2021,CHAMUSCA,9197,12.33,81,6,881.0,"[480,960]",250.5,17,71.7,44.8,0,290.9
824,19-01-2021,CHAVES,39343,66.54,521,37,1324.0,"[960, Max]",283.2,51,79.2,57.1,0,272.2
835,19-01-2021,CINFÃES,18244,76.24,158,11,866.0,"[480,960]",352.7,29,56.9,51.2,0,191.4
846,19-01-2021,COIMBRA,134166,420.06,2017,144,1503.0,"[960, Max]",352.4,207,128.7,42.7,2193,203.9
857,19-01-2021,CONDEIXA-A-NOVA,17733,127.88,220,16,1241.0,"[960, Max]",338.8,18,77.9,43.5,0,139.2
868,19-01-2021,CONSTÂNCIA,4030,50.14,42,3,1042.0,"[960, Max]",122.8,9,83.1,39.2,0,168.2
879,19-01-2021,CORUCHE,17471,15.66,162,12,927.0,"[480,960]",338.5,29,76.8,47.4,0,304.1
890,19-01-2021,CORVO,464,27.12,0,0,0.0,"[0,240]",0.0,5,76.2,46.3,0,131.1
901,19-01-2021,COVILHÃ,46787,84.21,477,34,1020.0,"[960, Max]",438.3,87,86.6,44.1,315,257.0
912,19-01-2021,CRATO,3129,7.86,31,2,991.0,"[960, Max]",201.5,6,72.8,40.8,0,361.7
923,19-01-2021,CUBA,4595,26.7,286,20,6224.0,"[960, Max]",222.4,11,67.9,42.8,0,165.7
934,19-01-2021,ELVAS,20528,32.52,386,28,1880.0,"[960, Max]",366.6,40,89,55.8,0,184.5
945,19-01-2021,ENTRONCAMENTO,21558,1570.14,292,21,1354.0,"[960, Max]",384.4,18,98.5,43.9,0,133.8
956,19-01-2021,ESPINHO,29516,1401.52,260,19,881.0,"[480,960]",243.6,35,103,41.6,0,231.3
967,19-01-2021,ESPOSENDE,34177,358.21,651,47,1905.0,"[960, Max]",504.8,54,83.8,43.9,0,124.5
978,19-01-2021,ESTARREJA,26006,240.42,392,28,1507.0,"[960, Max]",388.3,30,82.1,50.2,0,172.5
989,19-01-2021,ESTREMOZ,12728,24.77,317,23,2491.0,"[960, Max]",200.9,23,93.9,48.4,0,269.5
1000,19-01-2021,ÉVORA,52428,40.11,605,43,1154.0,"[960, Max]",365.5,76,117.3,45.1,293,170.5
1011,19-01-2021,FAFE,48060,219.37,535,38,1113.0,"[960, Max]",409.9,66,75.3,45.4,0,165.0
1022,19-01-2021,FARO,61015,301.2,706,50,1157.0,"[960, Max]",313.6,79,132.5,49.5,978,140.4
1033,19-01-2021,FELGUEIRAS,56422,487.49,637,46,1129.0,"[960, Max]",483.5,89,81.6,43.3,0,121.8
1044,19-01-2021,FERREIRA DO ALENTEJO,7845,12.1,102,7,1300.0,"[960, Max]",200.9,16,73,48.9,0,201.0
1055,19-01-2021,FERREIRA DO ZÊZERE,7959,41.81,267,19,3355.0,"[960, Max]",315.2,8,67.8,37.9,0,263.4
1066,19-01-2021,FIGUEIRA DA FOZ,58747,154.98,519,37,883.0,"[480,960]",354.7,84,95,49.6,154,216.1
1077,19-01-2021,FIGUEIRA DE CASTELO RODRIGO,5584,10.98,309,22,5534.0,"[960, Max]",269.3,12,66.8,51.3,0,288.1
1088,19-01-2021,FIGUEIRÓ DOS VINHOS,5568,32.1,113,8,2029.0,"[960, Max]",202.2,11,65.5,44.6,0,336.3
1099,19-01-2021,FORNOS DE ALGODRES,4528,34.45,190,14,4196.0,"[960, Max]",197.7,9,58.8,43.0,0,277.6
1110,19-01-2021,FREIXO DE ESPADA À CINTA,3298,13.51,12,1,364.0,"[240,480]",176.5,6,63.2,54.9,0,295.5
1121,19-01-2021,FRONTEIRA,2974,11.96,42,3,1412.0,"[960, Max]",208.1,7,79,39.4,0,262.5
1132,19-01-2021,FUNCHAL,104024,1365.86,289,21,278.0,"[240,480]",191.9,127,114.3,48.8,0,152.5
1143,19-01-2021,FUNDÃO,26495,37.84,373,27,1408.0,"[960, Max]",315.9,58,77.9,47.7,0,273.6
1154,19-01-2021,GAVIÃO,3263,11.08,35,3,1073.0,"[960, Max]",174.9,8,71.8,40.1,0,429.0
1165,19-01-2021,GÓIS,3805,14.45,130,9,3417.0,"[960, Max]",244.3,9,64,42.4,0,303.7
1176,19-01-2021,GOLEGÃ,5339,63.32,44,3,824.0,"[480,960]",284.8,8,82.6,46.4,0,235.3
1187,19-01-2021,GONDOMAR,165985,1258.22,1901,136,1145.0,"[960, Max]",431.3,155,84.1,42.6,0,154.2
1198,19-01-2021,GOUVEIA,12387,41.21,119,9,961.0,"[960, Max]",191.3,29,65.9,50.4,0,377.7
1209,19-01-2021,GRÂNDOLA,14639,17.72,121,9,827.0,"[480,960]",339.4,25,85.9,47.0,0,214.6
1220,19-01-2021,GUARDA,38969,54.72,608,43,1560.0,"[960, Max]",410.2,67,96.2,43.7,355,198.9
1231,19-01-2021,GUIMARÃES,152309,631.99,2076,148,1363.0,"[960, Max]",446.5,193,91.4,37.5,572,140.9
1242,19-01-2021,HORTA,14521,83.91,10,1,69.0,"[0,240]",156.4,26,90.7,56.2,0,126.2
1253,19-01-2021,IDANHA-A-NOVA,8043,5.68,106,8,1318.0,"[960, Max]",242.4,19,67.6,49.4,0,427.1
1264,19-01-2021,ÍLHAVO,38699,526.66,397,28,1026.0,"[960, Max]",397.2,52,88.6,53.2,0,143.2
1275,19-01-2021,LAGOA,14721,322.9,62,4,421.0,"[240,480]",325.6,31,89.8,52.4,0,145.0
1286,19-01-2021,LAGOS,30374,142.61,223,16,734.0,"[480,960]",394.8,42,93.8,55.1,0,145.8
1297,19-01-2021,LAJES DAS FLORES,1463,20.89,2,0,137.0,"[0,240]",0.0,3,74.8,54.3,0,176.5
1308,19-01-2021,LAJES DO PICO,4490,28.91,0,0,0.0,"[0,240]",85.6,11,70,58.4,0,196.8
1319,19-01-2021,LAMEGO,24895,150.5,378,27,1518.0,"[960, Max]",347.8,36,81.4,48.4,0,212.3
1330,19-01-2021,LEIRIA,125267,221.68,1437,103,1147.0,"[960, Max]",468.7,202,103.4,41.7,609,150.7
1341,19-01-2021,LISBOA,509515,5092.6,7154,511,1404.0,"[960, Max]",447.2,729,219.6,39.7,4060,171.5
1352,19-01-2021,LOULÉ,68697,89.96,966,69,1406.0,"[960, Max]",390.5,87,105.9,57.2,0,140.3
1363,19-01-2021,LOURES,213687,1277.73,3105,222,1453.0,"[960, Max]",547.6,204,92.3,41.7,448,137.9
1374,19-01-2021,LOURINHÃ,25855,175.68,195,14,754.0,"[480,960]",389.8,37,78.3,46.4,0,145.9
1385,19-01-2021,LOUSÃ,17158,123.97,173,12,1008.0,"[960, Max]",312.4,17,80.6,46.0,0,141.9
1396,19-01-2021,LOUSADA,46755,486.63,326,23,697.0,"[480,960]",510.7,75,71.1,41.8,0,97.6
1407,19-01-2021,MAÇÃO,6267,15.67,116,8,1851.0,"[960, Max]",275.5,8,68.8,33.2,0,485.9
1418,19-01-2021,MACEDO DE CAVALEIROS,14516,20.76,166,12,1144.0,"[960, Max]",185.0,16,73.5,56.3,0,349.2
1429,19-01-2021,MACHICO,19981,292.76,88,6,440.0,"[240,480]",125.9,20,78.2,50.7,0,148.5
1440,19-01-2021,MADALENA,5895,40.07,2,0,34.0,"[0,240]",111.9,14,89.1,60.8,0,134.9
1451,19-01-2021,MAFRA,84816,290.81,1355,97,1598.0,"[960, Max]",716.0,76,96.3,41.5,0,96.4
1462,19-01-2021,MAIA,138971,1675.56,1078,77,776.0,"[480,960]",467.3,133,110.7,37.3,0,122.4
1473,19-01-2021,MANGUALDE,18510,84.42,321,23,1734.0,"[960, Max]",419.2,28,82.4,49.8,0,223.2
1484,19-01-2021,MANTEIGAS,3007,24.65,36,3,1197.0,"[960, Max]",140.6,7,63.9,50.4,0,397.0
1495,19-01-2021,MARCO DE CANAVESES,51496,255.07,355,25,689.0,"[480,960]",539.4,97,74.1,45.8,0,122.9
1506,19-01-2021,MARINHA GRANDE,38508,205.65,386,28,1002.0,"[960, Max]",502.9,57,98.5,46.8,0,167.7
1517,19-01-2021,MARVÃO,3005,19.4,33,2,1098.0,"[960, Max]",215.9,6,64.8,43.8,0,356.8
1528,19-01-2021,MATOSINHOS,175357,2809.31,1576,113,899.0,"[480,960]",382.6,156,123,40.4,393,159.6
1539,19-01-2021,MEALHADA,19914,179.96,396,28,1989.0,"[960, Max]",339.4,26,86.9,49.1,0,196.1
1550,19-01-2021,MÊDA,4587,16.04,136,10,2965.0,"[960, Max]",181.1,6,62.1,53.6,0,421.9
1561,19-01-2021,MELGAÇO,8093,33.97,154,11,1903.0,"[960, Max]",200.9,9,62,66.2,0,453.8
1572,19-01-2021,MÉRTOLA,6142,4.75,73,5,1189.0,"[960, Max]",235.4,16,66.6,44.5,0,395.1
1583,19-01-2021,MESÃO FRIO,3964,148.74,28,2,706.0,"[480,960]",207.1,5,69.5,52.6,0,228.6
1594,19-01-2021,MIRA,11832,95.4,91,6,769.0,"[480,960]",237.8,19,72.2,53.6,0,227.2
1605,19-01-2021,MIRANDA DO CORVO,12708,100.55,191,14,1503.0,"[960, Max]",318.8,22,67.3,45.1,0,218.9
1616,19-01-2021,MIRANDA DO DOURO,6830,14.02,153,11,2240.0,"[960, Max]",195.5,12,72.7,55.1,0,388.9
1627,19-01-2021,MIRANDELA,21754,33.01,244,17,1122.0,"[960, Max]",273.2,26,83,54.2,0,265.4
1638,19-01-2021,MOGADOURO,8392,11.03,245,17,2919.0,"[960, Max]",155.7,8,67.9,54.0,0,407.2
1649,19-01-2021,MOIMENTA DA BEIRA,9736,44.26,264,19,2712.0,"[960, Max]",267.1,13,66.3,55.5,0,223.9
1660,19-01-2021,MOITA,64407,1165.53,871,62,1352.0,"[960, Max]",610.9,65,82,48.4,0,136.4
1671,19-01-2021,MONÇÃO,17869,84.56,160,11,895.0,"[480,960]",389.9,19,70.2,57.1,0,308.8
1682,19-01-2021,MONCHIQUE,5077,12.84,2,0,39.0,"[0,240]",200.7,7,61.9,37.9,0,364.2
1693,19-01-2021,MONDIM DE BASTO,6946,40.36,65,5,936.0,"[480,960]",275.3,10,59.6,55.7,0,227.3
1704,19-01-2021,MONFORTE,2975,7.08,64,5,2151.0,"[960, Max]",205.4,10,73.9,45.4,0,182.4
1715,19-01-2021,MONTALEGRE,8997,11.17,124,9,1378.0,"[960, Max]",128.4,12,62.4,62.5,0,471.2
1726,19-01-2021,MONTEMOR-O-NOVO,15647,12.69,248,18,1585.0,"[960, Max]",223.0,26,86.8,40.9,0,281.4
1737,19-01-2021,MONTEMOR-O-VELHO,25224,110.17,229,16,908.0,"[480,960]",372.8,37,71,47.7,0,200.8
1748,19-01-2021,MONTIJO,57614,165.26,584,42,1014.0,"[960, Max]",824.8,64,99.2,49.7,0,101.2
1759,19-01-2021,MORA,4138,9.32,56,4,1353.0,"[960, Max]",230.5,11,82.4,44.1,0,326.5
1770,19-01-2021,MORTÁGUA,8803,35.05,102,7,1159.0,"[960, Max]",306.0,7,74.1,49.4,0,309.6
1781,19-01-2021,MOURA,13718,14.31,212,15,1545.0,"[960, Max]",210.0,29,77.5,57.3,0,154.0
1792,19-01-2021,MOURÃO,2450,8.79,20,1,816.0,"[480,960]",438.8,8,69.9,50.2,0,171.0
1803,19-01-2021,MURÇA,5463,28.85,89,6,1629.0,"[960, Max]",203.4,9,61.2,54.4,0,304.0
1814,19-01-2021,MURTOSA,10279,140.63,226,16,2199.0,"[960, Max]",309.1,15,69.3,59.0,0,151.2
1825,19-01-2021,NAZARÉ,14165,171.84,143,10,1010.0,"[960, Max]",372.5,16,85.6,58.1,0,172.0
1836,19-01-2021,NELAS,12974,103.21,280,20,2158.0,"[960, Max]",462.5,28,77.1,51.2,0,230.2
1847,19-01-2021,NISA,6061,10.53,152,11,2508.0,"[960, Max]",233.9,7,73.2,44.6,0,403.9
1858,19-01-2021,NORDESTE,4862,47.92,4,0,82.0,"[0,240]",67.4,15,62.5,52.7,0,132.6
1869,19-01-2021,ÓBIDOS,11850,83.72,122,9,1030.0,"[960, Max]",840.2,19,75.5,45.4,0,189.4
1880,19-01-2021,ODEMIRA,24717,14.37,109,8,441.0,"[240,480]",365.1,52,81.7,45.7,0,236.3
1891,19-01-2021,ODIVELAS,161774,6095.48,2368,169,1464.0,"[960, Max]",611.1,136,89.3,44.0,0,126.5
1902,19-01-2021,OEIRAS,177408,3866.78,1998,143,1126.0,"[960, Max]",522.0,167,156.5,37.1,0,159.5
1913,19-01-2021,OLEIROS,5003,10.62,31,2,620.0,"[480,960]",193.0,10,63.6,39.1,0,704.6
1924,19-01-2021,OLHÃO,44405,339.33,393,28,885.0,"[480,960]",353.0,50,81.1,57.0,14,130.6
1935,19-01-2021,OLIVEIRA DE AZEMÉIS,66011,409.75,795,57,1204.0,"[960, Max]",514.1,90,83.1,43.3,0,191.2
1946,19-01-2021,OLIVEIRA DE FRADES,9936,68.36,229,16,2305.0,"[960, Max]",393.3,16,77.5,44.7,0,176.2
1957,19-01-2021,OLIVEIRA DO BAIRRO,24277,278.02,291,21,1199.0,"[960, Max]",388.0,32,79.7,49.1,0,148.6
1968,19-01-2021,OLIVEIRA DO HOSPITAL,19253,82.1,233,17,1210.0,"[960, Max]",282.5,45,74.5,45.2,0,240.6
1979,19-01-2021,OURÉM,44044,105.7,791,57,1796.0,"[960, Max]",435.8,72,83.6,45.8,0,186.2
1990,19-01-2021,OURIQUE,4607,6.95,70,5,1519.0,"[960, Max]",195.2,11,77.3,43.5,0,314.5
2001,19-01-2021,OVAR,54260,367.37,861,62,1587.0,"[960, Max]",367.8,71,88.9,44.7,48,156.8
2012,19-01-2021,PAÇOS DE FERREIRA,56728,799.1,330,24,582.0,"[480,960]",447.6,57,79.4,43.4,0,102.8
2023,19-01-2021,PALMELA,64269,138.18,1109,79,1726.0,"[960, Max]",543.2,74,98.1,47.1,0,127.7
2034,19-01-2021,PAMPILHOSA DA SERRA,4037,10.18,129,9,3195.0,"[960, Max]",161.9,8,64.6,46.6,0,531.1
2045,19-01-2021,PAREDES,86067,549.04,738,53,857.0,"[480,960]",458.4,75,79.8,39.6,0,104.5
2056,19-01-2021,PAREDES DE COURA,8535,61.76,161,11,1886.0,"[960, Max]",276.5,10,66.4,51.4,0,246.5
2067,19-01-2021,PEDRÓGÃO GRANDE,3410,26.49,75,5,2199.0,"[960, Max]",346.0,8,67.9,44.7,0,306.3
2078,19-01-2021,PENACOVA,13694,63.18,334,24,2439.0,"[960, Max]",348.6,22,63.7,48.6,0,293.0
2089,19-01-2021,PENAFIEL,69772,328.74,646,46,926.0,"[480,960]",455.9,99,78.9,38.9,521,115.6
2100,19-01-2021,PENALVA DO CASTELO,7115,52.96,269,19,3781.0,"[960, Max]",356.5,12,58.4,49.2,0,300.8
2111,19-01-2021,PENAMACOR,4755,8.44,62,4,1304.0,"[960, Max]",239.7,7,60.6,49.4,0,631.4
2122,19-01-2021,PENEDONO,2591,19.38,56,4,2161.0,"[960, Max]",322.4,5,62.1,54.8,0,289.6
2133,19-01-2021,PENELA,5397,40.04,38,3,704.0,"[480,960]",225.6,9,70,46.7,0,283.7
2144,19-01-2021,PENICHE,26501,341.73,345,25,1302.0,"[960, Max]",624.8,38,85.9,54.1,0,161.9
2155,19-01-2021,PESO DA RÉGUA,15773,166.28,273,20,1731.0,"[960, Max]",277.3,15,82.5,55.3,0,212.4
2166,19-01-2021,PINHEL,8511,17.57,210,15,2467.0,"[960, Max]",261.6,13,62.8,55.4,0,391.8
2177,19-01-2021,POMBAL,51461,82.21,870,62,1691.0,"[960, Max]",485.1,85,82.2,52.9,0,210.6
2188,19-01-2021,PONTA DELGADA,67935,291.58,175,13,258.0,"[240,480]",211.2,99,107.8,65.3,0,85.0
2199,19-01-2021,PONTA DO SOL,8593,185.92,21,1,244.0,"[240,480]",163.0,16,55.2,53.4,0,126.5
2210,19-01-2021,PONTE DA BARCA,11180,61.39,261,19,2335.0,"[960, Max]",259.9,12,64.4,54.7,0,236.3
2221,19-01-2021,PONTE DE LIMA,41315,129.01,675,48,1634.0,"[960, Max]",390.8,48,71,43.2,0,179.3
2232,19-01-2021,PONTE DE SOR,14994,17.86,250,18,1667.0,"[960, Max]",299.4,26,84.4,48.6,0,235.1
2243,19-01-2021,PORTALEGRE,22172,49.59,181,13,816.0,"[480,960]",334.5,35,104.1,44.0,250,219.3
2254,19-01-2021,PORTEL,5828,9.7,74,5,1270.0,"[960, Max]",244.4,14,64.8,44.7,0,242.2
2265,19-01-2021,PORTIMÃO,55483,304.75,261,19,470.0,"[240,480]",431.5,56,103.5,54.4,0,122.5
2276,19-01-2021,PORTO,216606,5229.5,1988,142,918.0,"[480,960]",283.6,360,157.8,38.4,2624,218.8
2287,19-01-2021,PORTO DE MÓS,23275,88.89,330,24,1418.0,"[960, Max]",456.9,44,80.2,43.2,0,185.1
2298,19-01-2021,PORTO MONIZ,2342,28.24,9,1,384.0,"[240,480]",74.6,5,56.9,37.9,0,230.7
2309,19-01-2021,PORTO SANTO,5202,120.95,54,4,1038.0,"[960, Max]",82.5,7,93.5,47.2,0,103.3
2320,19-01-2021,PÓVOA DE LANHOSO,21499,159.67,372,27,1730.0,"[960, Max]",498.1,23,69.4,45.0,0,153.9
2331,19-01-2021,PÓVOA DE VARZIM,62784,763.7,1003,72,1598.0,"[960, Max]",344.5,75,95.5,47.8,155,134.2
2342,19-01-2021,POVOAÇÃO,5927,55.7,4,0,67.0,"[0,240]",98.0,21,66.3,65.2,0,117.2
2353,19-01-2021,VILA DA PRAIA DA VITÓRIA,21317,132.18,23,2,108.0,"[0,240]",173.7,43,74.7,65.9,0,108.7
2364,19-01-2021,PROENÇA-A-NOVA,7298,18.46,28,2,384.0,"[240,480]",233.7,8,69,40.6,0,388.7
2375,19-01-2021,REDONDO,6353,17.19,81,6,1275.0,"[960, Max]",316.3,8,71.9,50.9,0,210.9
2386,19-01-2021,REGUENGOS DE MONSARAZ,10015,21.58,200,14,1997.0,"[960, Max]",233.8,18,89.4,53.4,0,198.6
2397,19-01-2021,RESENDE,10137,82.18,35,2,345.0,"[240,480]",360.7,9,59.5,48.2,0,198.7
2408,19-01-2021,RIBEIRA BRAVA,12435,189.99,46,3,370.0,"[240,480]",142.3,17,68.4,51.9,0,128.3
2419,19-01-2021,RIBEIRA DE PENA,6016,27.66,115,8,1912.0,"[960, Max]",161.7,11,63.3,61.6,0,258.7
2430,19-01-2021,RIBEIRA GRANDE,32811,182.13,522,37,1591.0,"[960, Max]",162.0,45,71.1,68.7,0,44.1
2441,19-01-2021,RIO MAIOR,20379,74.71,357,26,1752.0,"[960, Max]",341.2,26,90.2,44.4,0,176.8
2452,19-01-2021,SABROSA,5918,37.71,48,3,811.0,"[480,960]",233.2,10,61.9,53.8,0,275.7
2463,19-01-2021,SABUGAL,10585,12.87,111,8,1049.0,"[960, Max]",250.0,19,63.4,57.9,0,489.3
2474,19-01-2021,SALVATERRA DE MAGOS,21295,87.3,286,20,1343.0,"[960, Max]",555.2,22,77.5,54.8,0,196.6
2485,19-01-2021,SANTA COMBA DÃO,10452,93.36,129,9,1234.0,"[960, Max]",316.5,10,71.5,49.8,0,264.8
2496,19-01-2021,SANTA CRUZ,45281,555.6,198,14,437.0,"[240,480]",267.3,30,71.5,47.0,0,73.5
2507,19-01-2021,SANTA CRUZ DA GRACIOSA,4208,69.37,1,0,24.0,"[0,240]",78.7,12,73.1,53.8,0,151.4
2518,19-01-2021,SANTA CRUZ DAS FLORES,2165,30.53,2,0,92.0,"[0,240]",32.9,8,88.4,58.0,0,147.8
2529,19-01-2021,SANTA MARIA DA FEIRA,138636,642.19,2073,148,1495.0,"[960, Max]",471.5,170,84.8,43.0,392,148.0
2540,19-01-2021,SANTA MARTA DE PENAGUIÃO,6599,95.25,102,7,1546.0,"[960, Max]",232.7,11,58.7,51.9,0,305.8
2551,19-01-2021,SANTANA,6711,70.29,22,2,328.0,"[240,480]",61.3,13,58.3,49.4,0,249.6
2562,19-01-2021,SANTARÉM,57421,103.92,803,57,1398.0,"[960, Max]",298.6,95,101.4,43.9,416,194.4
2573,19-01-2021,SANTIAGO DO CACÉM,28791,27.17,139,10,483.0,"[480,960]",466.1,48,92.3,46.1,114,223.6
2584,19-01-2021,SANTO TIRSO,68055,498.35,978,70,1437.0,"[960, Max]",369.0,111,85.8,39.3,268,209.7
2595,19-01-2021,SÃO BRÁS DE ALPORTEL,10416,67.91,51,4,490.0,"[480,960]",224.6,13,84.8,50.8,0,160.4
2606,19-01-2021,SÃO JOÃO DA MADEIRA,21958,2765.49,297,21,1353.0,"[960, Max]",249.6,41,135.4,43.0,0,159.7
2617,19-01-2021,SÃO JOÃO DA PESQUEIRA,7125,26.77,154,11,2161.0,"[960, Max]",336.2,15,64.6,51.8,0,217.3
2628,19-01-2021,SÃO PEDRO DO SUL,15403,44.14,317,23,2058.0,"[960, Max]",263.6,28,68.7,45.7,0,284.2
2639,19-01-2021,SÃO ROQUE DO PICO,3266,22.94,0,0,0.0,"[0,240]",55.5,8,81.5,61.2,0,143.5
2650,19-01-2021,SÃO VICENTE,5143,65.23,4,0,78.0,"[0,240]",50.9,8,61,53.1,0,258.1
2661,19-01-2021,SARDOAL,3741,40.6,17,1,454.0,"[240,480]",231.1,6,68.6,33.1,0,264.8
2672,19-01-2021,SÁTÃO,11580,57.34,280,20,2418.0,"[960, Max]",397.3,20,61.9,56.2,0,243.1
2683,19-01-2021,SEIA,22234,51.03,272,19,1223.0,"[960, Max]",357.3,42,76.2,46.5,0,288.2
2694,19-01-2021,SEIXAL,167752,1757.49,1864,133,1111.0,"[960, Max]",468.9,157,89.7,45.4,0,128.6
2705,19-01-2021,SERNANCELHE,5396,23.6,174,12,3225.0,"[960, Max]",434.9,6,58.8,41.5,0,280.9
2716,19-01-2021,SERPA,14304,12.94,80,6,559.0,"[480,960]",323.3,24,72.8,48.7,0,237.9
2727,19-01-2021,SERTÃ,14577,32.63,210,15,1441.0,"[960, Max]",275.3,26,72.6,40.6,0,271.8
2738,19-01-2021,SESIMBRA,51858,264.96,544,39,1049.0,"[960, Max]",521.8,53,90,48.8,0,105.8
2749,19-01-2021,SETÚBAL,115126,499.83,2564,183,2227.0,"[960, Max]",405.2,128,107.5,48.5,412,144.5
2760,19-01-2021,SEVER DO VOUGA,11331,87.24,236,17,2083.0,"[960, Max]",338.6,24,74,40.3,0,263.1
2771,19-01-2021,SILVES,36226,53.27,246,18,679.0,"[480,960]",367.5,45,76.9,52.3,0,171.4
2782,19-01-2021,SINES,13715,67.46,88,6,642.0,"[480,960]",381.9,16,128.7,52.2,0,150.6
2793,19-01-2021,SINTRA,391402,1226.08,5390,385,1377.0,"[960, Max]",599.2,370,94.1,47.5,0,107.9
2804,19-01-2021,SOBRAL DE MONTE AGRAÇO,10651,204.43,130,9,1221.0,"[960, Max]",377.1,11,103.4,43.1,0,122.9
2815,19-01-2021,SOURE,17120,64.59,153,11,894.0,"[480,960]",309.6,32,70.7,46.8,0,283.6
2826,19-01-2021,SOUSEL,4412,15.8,35,2,793.0,"[480,960]",236.9,12,69,42.1,0,291.0
2837,19-01-2021,TÁBUA,11368,56.9,340,24,2991.0,"[960, Max]",260.3,20,68.6,46.9,0,212.9
2848,19-01-2021,TABUAÇO,6033,45.07,62,4,1028.0,"[960, Max]",451.7,5,55.3,49.2,0,317.7
2859,19-01-2021,TAROUCA,7804,77.98,167,12,2140.0,"[960, Max]",235.0,7,63.4,53.1,0,186.8
2870,19-01-2021,TAVIRA,24530,40.41,526,38,2144.0,"[960, Max]",245.8,30,92,51.0,0,201.2
2881,19-01-2021,TERRAS DE BOURO,6361,22.93,80,6,1258.0,"[960, Max]",307.4,16,63.2,44.4,0,261.6
2892,19-01-2021,TOMAR,36748,104.64,744,53,2025.0,"[960, Max]",407.5,54,85,45.1,422,261.0
2903,19-01-2021,TONDELA,26357,71.0,535,38,2030.0,"[960, Max]",529.8,48,75,45.5,0,304.0
2914,19-01-2021,TORRE DE MONCORVO,7695,14.48,24,2,312.0,"[240,480]",216.3,12,62.3,54.0,0,471.2
2925,19-01-2021,TORRES NOVAS,34933,129.38,569,41,1629.0,"[960, Max]",372.1,43,96.8,43.2,0,207.1
2936,19-01-2021,TORRES VEDRAS,78530,192.88,1274,91,1622.0,"[960, Max]",522.8,123,95.3,43.3,0,153.6
2947,19-01-2021,TRANCOSO,8875,24.55,201,14,2265.0,"[960, Max]",295.2,20,66.7,47.7,0,361.2
2958,19-01-2021,TROFA,38418,533.44,417,30,1085.0,"[960, Max]",526.0,48,92.7,38.6,0,141.0
2969,19-01-2021,VAGOS,22740,137.89,199,14,875.0,"[480,960]",448.9,31,72.1,50.3,0,167.0
2980,19-01-2021,VALE DE CAMBRA,21327,144.76,275,20,1289.0,"[960, Max]",581.2,29,86.9,39.8,0,238.0
2991,19-01-2021,VALENÇA,13290,113.46,161,11,1211.0,"[960, Max]",310.9,20,82.7,54.4,0,221.7
3002,19-01-2021,VALONGO,97444,1297.18,977,70,1003.0,"[960, Max]",471.3,110,91.7,42.7,0,126.4
3013,19-01-2021,VALPAÇOS,14818,27.0,199,14,1343.0,"[960, Max]",285.4,17,59.4,58.3,0,412.4
3024,19-01-2021,VELAS,5093,43.39,0,0,0.0,"[0,240]",86.6,11,83.1,57.5,0,151.4
3035,19-01-2021,VENDAS NOVAS,11255,50.61,175,13,1555.0,"[960, Max]",263.2,16,95.2,46.8,0,226.4
3046,19-01-2021,VIANA DO ALENTEJO,5145,13.07,126,9,2449.0,"[960, Max]",226.6,12,79.3,47.5,0,164.1
3057,19-01-2021,VIANA DO CASTELO,84417,264.61,1068,76,1265.0,"[960, Max]",369.1,114,93.1,45.3,406,189.4
3068,19-01-2021,VIDIGUEIRA,5510,17.4,51,4,926.0,"[480,960]",255.3,12,72.8,51.9,0,163.3
3079,19-01-2021,VIEIRA DO MINHO,11842,54.71,199,14,1680.0,"[960, Max]",312.4,12,67.2,47.8,0,234.4
3090,19-01-2021,VILA DE REI,3323,17.35,13,1,391.0,"[240,480]",247.3,6,66.2,30.4,0,440.8
3101,19-01-2021,VILA DO BISPO,5154,28.78,18,1,349.0,"[240,480]",209.2,10,64.6,53.2,0,217.6
3112,19-01-2021,VILA DO CONDE,79899,536.13,1308,93,1637.0,"[960, Max]",451.1,99,96.2,44.3,0,132.8
3123,19-01-2021,VILA DO PORTO,5616,57.96,3,0,53.0,"[0,240]",68.5,14,89.7,67.2,0,103.5
3134,19-01-2021,VILA FLOR,6044,22.74,85,6,1406.0,"[960, Max]",188.1,17,62.4,51.8,0,333.8
3145,19-01-2021,VILA FRANCA DE XIRA,141957,446.14,2104,150,1482.0,"[960, Max]",553.7,118,98.4,42.2,333,114.5
3156,19-01-2021,VILA FRANCA DO CAMPO,11051,141.73,119,9,1077.0,"[960, Max]",107.5,16,65,70.4,0,79.8
3167,19-01-2021,VILA NOVA DA BARQUINHA,7461,150.64,53,4,710.0,"[480,960]",386.2,11,72.3,42.8,0,214.0
3178,19-01-2021,VILA NOVA DE CERVEIRA,8910,82.14,172,12,1930.0,"[960, Max]",270.7,11,84.2,47.5,0,202.1
3189,19-01-2021,VILA NOVA DE FAMALICÃO,131676,653.19,1851,132,1406.0,"[960, Max]",457.6,164,88.8,37.7,0,139.7
3200,19-01-2021,VILA NOVA DE FOZ CÔA,6503,16.33,110,8,1692.0,"[960, Max]",127.9,8,68,55.5,0,360.8
3211,19-01-2021,VILA NOVA DE GAIA,300472,1783.64,2380,170,792.0,"[480,960]",463.0,317,100.1,41.5,598,144.1
3222,19-01-2021,VILA NOVA DE PAIVA,4687,26.7,122,9,2603.0,"[960, Max]",392.8,12,62.7,62.6,0,254.9
3233,19-01-2021,VILA NOVA DE POIARES,6939,82.17,218,16,3142.0,"[960, Max]",212.8,11,70.5,51.5,0,159.0
3244,19-01-2021,VILA POUCA DE AGUIAR,11961,27.37,104,7,869.0,"[480,960]",232.2,18,63.5,55.0,0,352.3
3255,19-01-2021,VILA REAL,49962,131.9,548,39,1097.0,"[960, Max]",256.7,65,98.1,46.3,581,170.7
3266,19-01-2021,VILA REAL DE SANTO ANTÓNIO,18749,306.11,203,15,1083.0,"[960, Max]",183.2,21,91.8,59.3,0,151.2
3277,19-01-2021,VILA VELHA DE RÓDÃO,3144,9.53,15,1,477.0,"[240,480]",346.4,4,71.7,38.8,0,635.0
3288,19-01-2021,VILA VERDE,46911,205.15,719,51,1533.0,"[960, Max]",465.5,67,66.8,45.1,0,142.6
3299,19-01-2021,VILA VIÇOSA,7656,39.29,144,10,1881.0,"[960, Max]",223.1,12,83.4,48.4,0,217.7
3310,19-01-2021,VIMIOSO,4023,8.35,40,3,994.0,"[960, Max]",163.0,5,62.3,59.3,0,334.1
3321,19-01-2021,VINHAIS,7746,11.15,87,6,1123.0,"[960, Max]",206.0,11,57.9,57.8,0,604.4
3332,19-01-2021,VISEU,97249,191.77,1601,114,1646.0,"[960, Max]",449.7,157,94.4,46.6,654,157.2
3343,19-01-2021,VIZELA,23897,967.49,215,15,900.0,"[480,960]",336.0,33,84.1,40.8,0,115.9
3354,19-01-2021,VOUZELA,9619,49.66,301,21,3129.0,"[960, Max]",273.8,24,64,43.1,0,300.1
